COG20_CATEGORY_ACC	methylated_count	annot_count	methylated_percent
C	1.0	157	0.6369426751592357
D	0.0	19	0.0
E	3.0	119	2.5210084033613445
F	0.0	53	0.0
G	2.0	72	2.7777777777777777
H	0.0	152	0.0
I	0.0	42	0.0
J	0.0	176	0.0
K	0.0	34	0.0
L	0.0	67	0.0
M	0.0	97	0.0
N	0.0	3	0.0
No Annotation	0.0	468	0.0
O	1.0	103	0.9708737864077669
P	0.0	52	0.0
Q	0.0	17	0.0
R	0.0	95	0.0
S	0.0	44	0.0
T	0.0	43	0.0
U	0.0	15	0.0
V	0.0	20	0.0
W	0.0	2	0.0
X	0.0	3	0.0
Z	0.0	2	0.0
